"sampleID","tubeLabel","plateID","sampleType","CDCA","GCDCA","TCDCA","UDCA","GUDCA","TUDCA","DCA","GDCA","LCA","GLCA","TLCA","CA","GCA","TCA","TDCA"
"CAL8#10",NA,"SRVp008","cal",2.2837037143,10.0222397733,2.7933319167,2.8449765795,2.6306402943,4.0791836862,2.7311283848,5.8096570573,2.7664641193,2.5762536215,2.536809339,2.7773617844,5.5268825521,2.530825525,2.8658076513
"CAL7#11",NA,"SRVp008","cal",5.52513816,21.2278951813,5.0330948897,5.0482443861,5.3827757563,5.7769529006,5.4881958776,4.1463145606,7.5014205826,5.3837162349,5.7425978591,5.3053374239,5.1713469943,5.5001281536,5.1309732937
"CAL6#12",NA,"SRVp008","cal",10.4080625052,37.2162832259,10.0820266074,9.5523060523,9.111747509,9.4249212968,8.7802495114,11.3193483317,10.1510090046,9.6069249001,9.0063752996,9.0198871501,9.8293981551,9.2844744229,9.6783179231
"CAL5#13",NA,"SRVp008","cal",24.6012277559,101.4093197422,23.3460736749,23.4702169445,23.5603018161,23.7282791639,25.3816984857,26.1399567342,23.6926939254,23.9408487258,23.290890405,24.0527993908,23.9839214637,24.3969359212,23.0080121427
"CAL4#14",NA,"SRVp008","cal",98.1277966924,404.4050964154,99.2703600983,99.6611370691,98.9898185871,96.7713926925,90.6421533288,95.1662398758,95.1220652311,96.6012052216,100.4105240145,98.6602354723,104.4140543475,98.7927441658,95.2743092979
"CAL3#15",NA,"SRVp008","cal",250.586765653,984.0985183404,237.9244624356,242.2930914367,258.1387028139,243.5169149778,251.5724850756,265.1206687539,246.4998385161,251.1390075074,255.135479696,246.8674148222,240.2408546358,263.1210573767,250.2772013694
"CAL2#16",NA,"SRVp008","cal",472.0431864512,1975.4582573028,475.5505465661,482.9074439815,500.462897155,500.4229978392,496.0010170646,492.9514398211,484.1177592395,500.6087393178,483.4590641114,483.9981328251,511.9695406615,454.0337745308,479.2127259652
"CAL1#17",NA,"SRVp008","cal",1028.9241190679,4036.1623900187,1038.5001038114,1026.7225835501,994.2231160684,1010.3585411292,1011.9030722714,995.1560319227,1025.1501699639,1002.6433044708,1012.9182592754,1021.818831131,994.3908837421,1034.8400599039,1027.0526523568
"LTR#1",NA,"SRVp008","ltr",432.942520932,1777.2891373773,270.1418046698,64.3062299077,176.7877331586,13.5060306771,330.02314661,485.2236509479,7.720112371,22.1364379365,3.1584959939,149.0574985439,409.3385489385,97.1461649394,100.861998393
"SRV00338","1649-18","SRVp008","sample",4424.4741100275,928.1014749781,150.5539902362,143.0309830482,51.6073796199,6.6960312088,926.4183901311,183.3273522488,7.343914353,15.3452948817,2.4173966391,4428.4008732524,242.7604816179,61.0352479055,32.0952557514
"SRV00348","1654-18","SRVp008","sample",1095.7857137419,709.8126119927,126.8692012027,41.7015082702,51.3388386646,5.0875295188,466.6129489299,266.1831463508,5.0418299345,5.9506310541,2.1064745956,800.427956659,232.8980930323,41.7273661781,51.5425342475
"SRV00300","1640-26","SRVp008","sample",103.3389392609,1233.5133609436,854.8693125809,2.5789186671,24.1935844459,9.437431577,23.7165946598,26.9001686211,3.7254624163,4.6342335754,2.7548897496,67.8969172547,485.0911611318,264.3800292549,29.6986814513
"SRV00227","1610-10","SRVp008","sample",26.4478691132,1108.8905861111,114.3743296031,1.4899561701,109.1649863191,7.8827801643,120.8731170519,493.5455486656,10.454833028,8.6672137192,3.9051320329,41.2976587633,304.30171918,28.3450866907,76.3579246943
"SRV00282","1633-10","SRVp008","sample",35.0396066898,532.5264522616,67.0696960296,NA,53.8981771327,8.711245121,85.3837344172,89.2612663787,9.579951306,11.2322146907,1.525812709,13.6767097576,131.6762800164,10.6929880225,11.5344679098
"SRV00340","1649-26","SRVp008","sample",426.3306927912,1528.5938686269,221.3979873297,20.2182874999,84.944974058,6.2008271668,141.9214889166,346.6165378442,1.7161080654,6.1901397064,2.6789653883,582.0856370024,697.5408139322,82.8353736563,57.7287623457
"SRV00346","1654-2","SRVp008","sample",112.5201280028,288.1814340173,36.3203250998,8.4795863461,34.1344297214,5.1080545907,204.7700310384,104.5354060055,10.7922561203,5.7872883862,0.94287641,103.3363394367,72.8040072227,9.0679907748,14.3932662605
"SRV00268","1630-18","SRVp008","sample",44.2148084063,848.4810827197,576.0995721595,NA,26.1945194411,10.3703102345,96.5044293268,180.0871679082,5.8497927711,7.019935445,4.5350238266,27.301835954,398.5918553951,263.532583023,147.9634078909
"SRV00206","1606-2","SRVp008","sample",118.334952841,1345.4507707046,117.6384158613,11.7574509293,128.658392048,10.3449446513,242.0540550918,409.7995974563,10.8747326074,8.3610211028,1.556809645,152.5802714267,568.3596092964,44.5006875296,39.1539826166
"SRV00241","1617-2","SRVp008","sample",92.111825517,678.4694842517,65.6397019655,21.3279159372,105.8122704004,5.808745834,128.51561335,142.3398144266,6.0948750796,4.0706615034,0.8601605546,52.7776753446,174.347050828,18.0332141832,12.8024654961
"QC04#32",NA,"SRVp008","qc",31.570137206,21.2708073457,45.0804819418,23.2667611454,21.4210740993,44.9804260837,21.809910261,18.3657853884,28.4816895857,20.4828011782,40.2431791547,13.0509981407,24.2415014909,39.9158326652,40.2735857779
"SRV00221","1609-2","SRVp008","sample",25.5371656298,495.8491548015,61.1852884456,NA,50.403243735,10.0603032946,215.3419356651,347.2227711426,13.9240500703,8.961658445,3.7749001318,28.3538759298,227.4501463752,25.716564625,81.474838025
"SRV00277","1632-10","SRVp008","sample",82.701980126,185.2299716899,16.3690491373,12.5288845327,40.4212078317,2.9592178252,397.574389867,170.4168509857,8.8933312213,7.3766502546,0.1647312372,110.5589782238,76.7165079769,6.1135488518,17.2361004221
"SLTR#1",NA,"SRVp008","sltr",427.75265137,1857.1005960539,260.450447413,65.0541666044,166.4801166478,12.3233423453,319.0709683452,492.8354383254,7.1690768463,20.6477411388,2.4823566162,138.2494836034,365.6507867421,90.9334843092,95.4037491093
"SRV00287","1634-10","SRVp008","sample",128.5202423629,115.914197859,11.2352559232,13.7591514442,14.586602521,NA,278.8905676564,76.0079876891,8.8554579984,6.282261873,0.825383382,264.9606283283,43.5988201126,3.7471044206,4.8031590532
"SRV00263","1629-18","SRVp008","sample",130.36751177,2606.9187744342,521.4955148868,16.0389519097,171.0040754745,15.4208829644,168.3609484,927.3014098298,2.3840110096,7.3574892652,2.7785537553,32.8771299381,633.7777907922,108.4486408798,251.7891181705
"SRV00274","1631-23","SRVp008","sample",1010.3819121114,803.7140325382,209.0474413278,27.9623066002,18.8767518295,4.3120076833,696.8800351863,425.9511262401,11.9876902177,16.8229368285,5.5258328479,1147.2027043082,219.7540704012,59.6833431411,171.0318098961
"SRV00314","1643-23","SRVp008","sample",730.0688286175,1196.8995691382,80.5511302364,79.4770309603,107.4743693798,6.5576010056,349.537605065,262.665956289,14.4502035313,33.4551907251,2.2197756626,775.8163258687,160.4960771637,13.2992231516,20.1118671792
"SRV00310","1642-26","SRVp008","sample",239.5845025782,1244.3598773729,150.1396213401,26.2565688262,134.4472794549,14.7120586533,82.9524595735,158.3185845358,6.5195987268,15.7104328206,1.4703331781,349.0711944192,256.5007875437,33.9185724449,21.9207521846
"SRV00290","1634-26","SRVp008","sample",1076.0558285175,632.2869856244,64.5238359375,46.5946727508,45.4444473484,2.668985943,872.0487181315,323.3401650303,16.0766302641,17.6651632796,2.6372966619,914.2282381739,174.1660938893,15.7538333685,41.7696373253
"SRV00265","1629-26","SRVp008","sample",567.1646738638,2391.108144118,444.4916532084,25.5827543871,153.0390917025,13.2902236053,245.3473590781,877.6163021072,2.218192134,6.6999757593,3.1722401563,25.5887109596,475.3840893555,110.7919222574,183.6277619188
"LTR#2",NA,"SRVp008","ltr",422.29365843,1784.8698717374,280.4294392222,69.6241233063,185.5298331618,13.9762453343,328.8087072228,548.1152822177,5.5945799539,22.572260488,4.1619435745,146.3373506286,402.0800008288,88.5392234717,94.5717685657
"SRV00281","1633-2","SRVp008","sample",139.117420306,2061.3374994184,284.6144423385,28.1983506352,162.1395407376,16.5109748286,171.1116025765,320.6154217579,15.3366349546,12.4965877293,2.021588266,78.6921239362,525.0768739367,54.1401878086,45.1439126155
"SRV00337","1649-10","SRVp008","sample",500.9583638476,2103.3692324931,337.6297326362,21.8775747408,121.3333158242,8.396554617,265.9309619952,561.0672296603,13.8839133849,19.7017927535,5.7755372199,465.0063512126,737.4211300007,135.7407764559,95.2990098911
"SRV00347","1654-10","SRVp008","sample",1852.0416143239,469.6861945849,60.9832938188,123.7850056589,37.7245272501,6.6701055121,1097.1076018315,172.2212314629,9.9734177361,18.0735723626,1.609917216,2618.9869818584,108.903987387,13.3174902985,22.6374402338
"SRV00296","1640-2","SRVp008","sample",52.2156776007,803.1209271599,509.9853585352,NA,17.3364428827,6.1701947463,22.8634100007,38.9663426658,5.1232001751,4.8939250736,4.4510008541,16.3300357575,355.346131102,210.3485820376,36.3458677248
"SRV00226","1610-2","SRVp008","sample",577.953803742,1459.8235379206,159.4203997917,56.8499817961,193.1554278342,10.1068609372,910.2228918957,914.0858734161,17.675978405,15.692761819,7.2115527387,68.1082058231,599.3174999366,54.2517504698,106.7780773562
"SRV00284","1633-23","SRVp008","sample",26.4518233486,1537.6800061845,242.7245373327,1.5367474003,89.0457713756,11.6661018529,49.359544714,230.3707482823,5.5134902137,9.2376837414,2.9866897005,32.2312004092,389.1108878522,48.5407416297,49.5357904438
"SRV00225","1609-26","SRVp008","sample",21.2953397123,377.2833169596,84.1462087112,1.7625017448,10.9231775261,6.9562953558,111.6217171255,109.6165915044,6.4606354933,6.872767881,2.706644615,44.5414449766,81.1913168402,15.4784915345,46.1904173068
"SRV00280","1632-26","SRVp008","sample",183.0710551906,283.3047130426,31.7269706762,16.4297971172,29.0209441254,4.4436697682,449.7479704153,259.6872514375,8.5682184125,7.1206349201,1.4583485857,235.8403031593,88.8427574114,6.5485965945,34.0516528252
"SRV00267","1630-10","SRVp008","sample",54.9203427294,893.8462190085,378.9206226165,NA,26.4619975665,6.1764620268,122.8953815008,200.6113554159,13.0971766354,16.9585175035,12.0862424053,26.1666280812,228.6818281318,106.9370314306,116.9254666563
"SRV00207","1606-10","SRVp008","sample",3752.690124068,2718.978179162,335.3799389919,176.0939128406,148.7027090206,13.2228417942,1287.0506265285,818.668420628,15.2121073904,19.3366531972,3.835909979,6578.7623663195,1181.0579871102,167.3791075979,109.0417007798
"QC02#56",NA,"SRVp008","qc",331.0059233582,199.9642933541,430.1535332978,221.6202276806,252.3253279726,462.2182827363,239.3247623156,231.3949441694,271.9197328106,222.8612073806,395.7076318297,120.0586673187,217.669739056,394.7351595001,396.0603568924
"SRV00242","1617-10","SRVp008","sample",115.9941313361,1296.1390145729,164.7548191833,7.5741449276,120.3490512574,7.8218657719,89.4526000306,232.3561185478,6.1042716846,11.6323354849,1.2304459443,135.4741661045,263.8124536154,32.4891127997,40.9974888433
"SRV00224","1609-23","SRVp008","sample",13.4801645129,970.385992405,236.0383205951,NA,28.6856438428,8.7564151353,84.8089458638,397.3761112314,5.7926258215,26.8719189033,8.5749018558,40.2532262625,397.1339080783,79.1864523204,162.6543853133
"SRV00276","1632-2","SRVp008","sample",57.715297433,213.2275139818,9.952032475,13.981972885,34.4239137078,2.9213589116,359.1120537612,161.5534068539,5.102167127,6.9945962418,0.4429050332,35.2889519144,42.7894353562,2.5254081142,14.2063637793
"SRV00308","1642-18","SRVp008","sample",1007.6060053499,2150.08033542,289.8564723815,71.9739614825,196.8515060974,17.0884722792,305.0074664274,324.0324815761,10.3564678646,26.9260916521,4.6999230698,1216.5638907445,392.8787314494,65.470907747,58.4532658781
"SRV00286","1634-2","SRVp008","sample",329.7416687401,161.6754954691,7.8151087083,27.1029317132,15.2608260637,NA,567.5402936371,111.9400867327,15.9827841233,18.3255128438,0.5732615322,274.5492290337,53.9791509601,3.8063243359,5.6921115695
"SRV00262","1629-10","SRVp008","sample",85.9095448513,1778.418301391,325.0635829008,13.2319508905,98.6344897237,8.3243284656,274.6747824756,602.1333504244,8.9378497452,13.110837751,5.7867937748,15.3879440621,331.912106828,66.08727623,153.8639668439
"SRV00273","1631-18","SRVp008","sample",206.1107039249,920.8092017832,254.1615429045,NA,25.7252988213,5.964488579,269.3869310922,371.0266567227,9.4391953305,15.6100899314,4.6576242073,170.2647444322,208.3910881792,55.1408336918,152.1153294689
"SRV00315","1643-26","SRVp008","sample",3184.4174067644,767.7740180998,54.5319415415,230.4517753796,99.3292009803,8.7366137309,926.4287145656,156.3292861192,9.9753104894,6.722941692,1.792338553,2056.1300368305,89.4535038537,7.3508863811,13.0071542955
"SLTR#2",NA,"SRVp008","sltr",407.8989579574,1671.4278574907,258.324964367,64.4878596411,188.1943962155,13.4439394109,318.8024697776,517.7097561646,5.9672930906,22.4927410662,2.7977142094,138.3039018172,383.6115921041,90.7178875658,96.471199376
"SRV00298","1640-18","SRVp008","sample",49.4727407078,2409.9329875805,1373.4344005792,NA,44.6631659039,13.2821883315,11.857567208,66.4445596821,3.0283156334,2.62061678,1.889477554,46.5311636272,892.9316085672,433.1065650748,64.2526516626
"LTR#3",NA,"SRVp008","ltr",435.0398467772,1890.0522322263,276.8320610078,68.8374452515,177.5041769877,11.4155408526,308.0715608286,495.208060699,7.7872444823,24.6791034202,2.5208685889,151.539268289,381.7325597199,93.6521393059,90.684606435
"SRV00228","1610-18","SRVp008","sample",21.0366651937,680.0748305324,116.4134910212,NA,70.3847995061,6.3817058986,88.2252143741,287.7475570159,10.7566625192,6.6317117348,3.011153057,23.6679552793,172.1625748318,25.1703460835,59.4998708504
"SLTR#3",NA,"SRVp008","sltr",426.8832125275,1802.7504871222,260.5440181361,71.1847727389,185.8822831957,14.410597135,316.9924476218,497.853485843,5.6913906609,20.5433548103,3.5696023605,158.5945088952,380.703601906,89.017031818,94.5956070169
"SRV00336","1649-2","SRVp008","sample",253.2135595842,895.8847129311,159.1338966878,24.7329892938,77.8444187757,5.6665465308,283.7902817157,304.8959285585,13.04904907,8.5947379782,2.24634176,47.1118281036,590.5203080945,138.3392512755,55.8745492606
"SRV00349","1654-23","SRVp008","sample",466.1431562159,1137.2895692609,224.830776324,26.4037070588,62.6087374967,7.1427903534,259.8150965929,468.5435555488,4.929979908,9.7642375304,2.1658292913,384.1832181528,437.2742755724,84.3027818821,99.983044615
"SRV00297","1640-10","SRVp008","sample",906.7033724394,1093.1625349778,605.4203890007,17.8997399646,22.9013380346,8.5111204681,62.2710896389,54.9088888919,2.7267116448,12.1310285814,1.8532448007,1555.968801593,419.9306532105,184.983558093,31.8870287603
"SRV00229","1610-23","SRVp008","sample",21.3276586659,2000.7975350721,374.2874792112,NA,106.099133855,12.0061661911,108.6305047883,787.4371985316,17.9057657681,39.6683752856,13.990019865,25.272872946,502.3386870631,96.6014312812,234.5081410232
"SRV00245","1617-26","SRVp008","sample",41.5232115619,2040.2788209884,260.3186580695,11.4579343097,305.7813094453,14.2533255698,72.9778751326,465.2045009309,4.3457299568,10.4505886424,3.4457247695,60.4701494319,628.9428658346,75.8266743192,65.9090498776
"SRV00222","1609-10","SRVp008","sample",6.6786897153,511.5614754745,88.5238089548,NA,25.2727707413,6.216609825,64.5208086091,246.5848225956,7.4951828535,9.8053739862,5.5344763531,11.4188270615,139.5584415217,20.528271674,62.5292031535
"SRV00279","1632-23","SRVp008","sample",28.2501655986,776.2769976956,94.5203244008,5.6897763691,60.4895598011,5.7626455626,356.3581393177,782.2427702794,11.9766050347,26.84283388,3.7659144049,26.1033396404,262.266523328,27.4642085583,105.5121379566
"SRV00269","1630-23","SRVp008","sample",24.9482938057,1660.7648916932,1109.6248182591,NA,32.3941380337,11.1448997855,68.0033361824,263.1186410923,5.1434522991,11.1164283415,7.7695102119,25.2329801944,686.8256315266,383.4401418452,292.6542372111
"QC03#81",NA,"SRVp008","qc",33.9203580617,21.5030661442,39.4707527816,23.6498420508,25.0534537,49.7213278983,23.0815260778,22.4750903894,28.3691444609,22.0689871851,41.7510766814,11.5671559641,23.9439706622,36.7330371646,38.310464709
"SRV00209","1606-23","SRVp008","sample",1931.8952907539,776.3476603138,84.2016443565,102.5082190954,38.8592240867,6.6911305454,900.1301088947,236.6314420822,13.4429969522,24.395981473,1.503149951,3907.9707409718,327.975875986,39.2776759471,28.7138745934
"SRV00243","1617-18","SRVp008","sample",270.4846872047,1162.0468044929,155.3646998253,25.299600148,133.1279798184,8.5439629286,172.9570964771,212.6388599278,7.863239604,7.4315172495,0.5563082709,279.8236459465,269.9252139625,33.6769594916,36.08177492
"SRV00275","1631-26","SRVp008","sample",12.7343269198,397.2943220891,76.5875372596,NA,16.8655703511,3.867516059,97.3758480385,190.2531253987,9.5678674547,6.4780326366,3.0963821414,36.6387468853,159.9722686649,38.5005239438,56.7854437648
"SRV00312","1643-10","SRVp008","sample",5138.04942111,854.1404477939,86.0210265286,343.5709609875,78.5436107051,7.9032204309,1302.6815989503,133.5759150879,19.6716470483,36.1077333955,1.823139895,4382.4953081472,104.5978734293,12.1324861222,17.1058860738
"SRV00309","1642-23","SRVp008","sample",1694.7796661519,1427.5760063251,241.2321414435,130.4412256043,121.5329089963,14.6396820304,504.4671614268,245.1718503882,14.2542702478,28.6355985972,2.3312364836,2108.4916677173,364.3793220144,58.8378761009,56.4312547791
"SRV00289","1634-23","SRVp008","sample",115.6889056789,747.8402307801,81.1764797535,5.2756841653,46.2667841637,3.0119238291,191.8320279466,387.9110879963,11.1725399504,41.0100238008,4.6223036474,184.6738267624,223.7031712183,14.2469487642,51.7110579711
"SRV00264","1629-23","SRVp008","sample",133.8206207641,1668.3738232465,359.9380105749,26.5801896631,87.3853659581,9.0078516864,222.4077576818,592.5006397306,3.6205560077,10.2198565561,2.4841887937,25.9051864243,470.2411055035,85.9961508262,191.925126328
"SRV00272","1631-10","SRVp008","sample",30.1218067974,1096.1742600498,149.2562934265,NA,46.2765657501,3.6922488401,270.5267659255,1095.7362213002,14.1456199358,34.6224447511,7.8416267874,38.8912017276,277.0359182663,46.6838807776,161.4854361198
"SRV00313","1643-18","SRVp008","sample",6497.8984250893,770.1260215491,62.780280526,496.6149108115,78.5059619384,8.523498913,1951.1702425205,180.4264524997,13.5708346793,10.8685583913,2.6008746497,3551.0800506222,79.2782192238,7.2754870158,12.581118901
"SRV00307","1642-10","SRVp008","sample",40.6940618126,3767.1620727191,554.8976892004,14.5617481646,328.5487033618,27.507099568,112.8705335072,1006.9407600426,16.5741069927,52.4342387512,12.3342835591,62.8447932055,847.0463841498,140.9821818089,173.1024336017
"LTR#4",NA,"SRVp008","ltr",420.6111114121,1774.9260793168,283.3308436839,74.1541291063,184.5716974957,14.489225675,340.349283875,495.611891488,6.1107965522,23.8745974815,2.8652050628,143.2317687713,390.9403971053,93.7578321538,96.9978863077
"SRV00299","1640-23","SRVp008","sample",168.2432129938,1030.7016741635,685.4208245736,1.3908719795,18.264254204,7.6197917909,11.3279339717,12.2793020462,2.6839469349,1.7957937279,2.0167319545,31.1379321775,397.388468541,218.8668364236,33.2164481294
"SRV00230","1610-26","SRVp008","sample",374.3951739725,2435.172282632,396.013042971,33.5227457811,149.5264980422,11.7222011972,548.9914483695,1096.4456863574,12.9093345476,18.7968876078,10.2348835893,304.8777143149,664.2326019054,126.9038169913,264.5596109977
"SRV00283","1633-18","SRVp008","sample",35.3898166052,1855.215654998,289.1274102871,3.2835240321,122.683812823,13.7780119753,53.7450208918,274.1651182005,6.9858048468,7.1857933842,2.5878175916,27.9673285637,525.2241760551,62.2823105824,51.145392255
"SRV00339","1649-23","SRVp008","sample",4060.4252352615,858.309307368,207.3060547524,138.2775339472,37.8596922982,6.1889091605,980.2767327976,176.0298116993,11.2458545097,16.8489256696,2.6454878565,3843.3014048526,288.0985415699,53.0072452342,46.3575139807
"SRV00350","1654-26","SRVp008","sample",1156.4092594946,344.020558671,76.9636144317,48.860593001,21.9208890677,3.8852131419,542.0637697149,80.3365678418,5.1143325246,0.7701892089,NA,962.2858331174,83.6455345776,12.4406153473,27.1797111431
"SRV00266","1630-2","SRVp008","sample",47.3749225181,174.3592341304,78.9240174227,NA,7.3937862007,3.5875937293,65.8728820364,41.0800070441,7.0168795784,4.181254538,1.7682220936,50.8383071203,77.9980575666,39.0874239411,23.8657948561
"SRV00208","1606-18","SRVp008","sample",1817.4176970985,3715.7204406658,384.0295766917,105.5537355554,197.346551283,17.6635977831,950.8346420281,1241.3053191457,17.4196488797,33.7145937976,3.8005024368,4500.2630943298,2007.1282225479,217.2546389286,152.2207779781
"SLTR#4",NA,"SRVp008","sltr",432.0895633574,1706.9572590699,280.3521229735,69.1271268732,171.2127665162,11.4173815742,332.5997103647,480.5895898118,8.3239209605,23.6981546261,4.4023849994,152.7683865315,387.2756810994,90.9885455908,98.555543235
"SRV00223","1609-18","SRVp008","sample",12.8148936963,496.2160728068,103.4411632429,NA,13.4055154023,7.4876199547,55.0653216235,155.3249393798,5.3451031312,5.4228438658,2.0818924007,19.2806329943,131.3555973651,23.8922984463,63.9327643317
"SRV00278","1632-18","SRVp008","sample",52.2141168315,531.7279713872,41.3520458063,6.822237572,58.6587927906,3.9005138103,375.8166715287,424.5629466417,7.8908577481,18.1949172849,2.9588811909,67.4784374712,133.6028167465,11.0865726162,54.6245814727
"QC01#105",NA,"SRVp008","qc",354.823884765,203.2492472133,429.0471321421,233.174487326,232.7995826683,468.174075789,226.3506513162,219.993688101,276.9517425134,216.5212522542,403.4171680613,115.6099224537,234.1543151495,393.0898445796,397.2054029095
"SRV00270","1630-26","SRVp008","sample",16.0410235562,255.7911836568,151.4866253739,NA,9.11588223,4.2512554713,14.1907942376,17.1692280912,3.2223392676,4.3529698254,0.9846798621,16.3518588208,146.6606558605,74.1234520128,33.5457263547
"SRV00210","1606-26","SRVp008","sample",846.9837412948,4467.9461498101,516.6529830374,56.1816223687,239.4000280977,18.5277666346,639.7621538873,1651.4129486667,13.1957770809,16.580963841,7.2998802248,1261.8262771686,2976.1990261693,308.7720089271,197.7343084894
"SRV00244","1617-23","SRVp008","sample",255.6257389112,1685.2447845539,261.368601212,32.2618630557,112.7449597585,9.6368452056,164.9048829307,298.4860925534,9.372514173,21.5791148131,2.3923047129,211.669983996,369.5074427583,56.1143590423,64.5035788271
"SRV00271","1631-2","SRVp008","sample",18.6800274794,384.6955239113,61.2335139986,NA,15.3318666083,3.1407941901,395.2416395268,415.5679121023,17.6513191721,8.7328279413,1.6197719177,35.5449799153,105.8880369037,21.2477872741,70.8163191838
"SRV00311","1643-2","SRVp008","sample",557.9980525136,1174.3397614361,86.7209815877,50.0981448626,127.5391943688,6.9735347414,228.9563034919,153.9651853052,5.6923799136,6.2300880981,1.1548075236,324.3351319222,212.9490214785,12.2626338949,13.5254156819
"SRV00306","1642-2","SRVp008","sample",123.9939906379,833.6577127123,121.7598402103,38.7347194294,144.9011468958,13.857265555,183.8181418607,287.8699579886,8.770115519,6.4774898434,2.1879282271,196.0283459265,263.3285777098,35.0267965081,47.6637988918
"SRV00288","1634-18","SRVp008","sample",140.6445539325,325.9695483692,31.2175430949,14.3038492477,24.9894967842,2.4876534857,201.6395601342,179.045704379,8.5026569044,6.9157173727,0.9990240573,229.131377291,114.5100273784,7.465437008,20.6202297171
"SRV00261","1629-2","SRVp008","sample",600.6583917873,4322.356858115,774.8404022768,33.2506285332,220.8334297758,16.5238464872,474.836428633,1776.5752023013,9.0554194321,22.7966832864,15.6406211054,26.2351849476,886.073961101,181.2090835196,435.3126565022
"SRV00285","1633-26","SRVp008","sample",136.0154000265,2836.2237231496,396.481821757,31.0737782978,180.8246171601,13.8683620204,208.9994823159,407.5761282644,4.4949529778,9.758423195,1.0687840769,80.2953093659,674.6498140641,90.5511463013,79.3156028681
"CAL8#1",NA,"SRVp009","cal",2.8202109538,10.7232969057,2.2252338826,2.520743416,2.453962225,2.3938877421,3.8299970444,2.3324637567,5.5777443854,2.8183951569,2.2184345326,2.5334658517,4.0946502027,3.6956313805,2.6251212415
"CAL7#1",NA,"SRVp009","cal",5.1713716,19.0108538779,5.7089920583,4.8505713853,4.6129159417,5.6379508815,5.7763526026,5.2096469367,5.4532881016,5.1956611657,5.7293751175,3.6480706228,5.2418877308,5.4460991528,4.571592978
"CAL6#1",NA,"SRVp009","cal",9.0174730889,45.0891226303,10.054669044,10.1471176436,10.3575230625,8.5865883046,9.1170679934,12.2804810835,10.7277236461,8.5287530979,9.7322250979,11.878334276,9.1405391722,9.5516737471,7.5899468416
"CAL5#1",NA,"SRVp009","cal",24.9747363846,91.2339273025,24.2827902701,25.0801895544,25.34779348,23.3148506357,24.8427397775,25.4145341969,23.908100492,24.7168537736,24.3453861004,22.2373633912,24.8954509465,25.0117970625,25.5556568945
"CAL4#1",NA,"SRVp009","cal",94.7399716413,385.9356429979,99.3036006826,102.3607360386,102.7983333542,98.3824724548,94.2570493294,98.5088508407,89.0443725554,101.5231341268,101.6148898569,92.8648581931,103.190900795,98.7093196678,99.6518668875
"CAL3#1",NA,"SRVp009","cal",246.5035509776,990.4403187569,251.8502055716,242.8167797763,255.5106056279,251.7000477081,242.5625767568,255.2915064957,242.6697752465,241.5195746677,252.1339716151,240.0348034567,249.5507197756,243.2699498033,257.0993463059
"CAL2#1",NA,"SRVp009","cal",494.2179285366,1901.5565644779,491.8181824896,504.07066832,504.7232538232,490.5649954573,513.0480751841,506.5062099412,500.9264288786,502.4529754284,498.3027069476,502.54672549,513.6581101223,486.956755773,495.4941622297
"CAL1#1",NA,"SRVp009","cal",1015.0547568174,4126.0102730509,1007.2563260011,1000.6531938658,986.6956124854,1010.5057951204,1000.3961383563,989.236787832,1017.2703110798,1005.7446525829,998.423010732,1015.4044493412,984.3223914576,1021.0544047936,997.502253463
"LTR#5",NA,"SRVp009","ltr",438.4972924005,1798.3124573973,287.9011330136,63.1559035035,177.3639175848,10.9911952685,311.4954812005,567.7824786343,7.1156918931,20.9340175179,4.7544197307,136.5240095321,408.9366847032,88.9599722377,97.6245676547
"SRV00331","1647-2","SRVp009","sample",228.6151142078,664.5394076867,51.3070642807,NA,29.7383774488,1.6108105698,906.5204494866,580.3867011066,25.803733976,40.4176617296,1.5250422837,118.5853644458,195.8592360322,17.7577958496,42.2222613897
"SRV00237","1612-10","SRVp009","sample",37.8710378756,172.762956778,42.9893735966,21.3936178064,41.4082824778,8.2919638479,345.4304576339,115.4933734448,16.2344028286,7.6309089439,0.7173347042,7.3890024223,62.4425810739,8.4967051939,25.4333709844
"SRV00344","1650-23","SRVp009","sample",2521.9867058706,1396.7258450674,141.834666662,183.2987831525,118.2143285486,4.8515009592,1028.544421601,318.7258432583,4.2619162436,12.074164707,2.1354990826,1673.2409159787,154.8129846269,17.4809183691,43.0431578254
"SRV00324","1645-23","SRVp009","sample",36.6620654986,411.6077291836,168.6566886763,5.3920402419,24.1628055391,6.4404266841,23.3027489954,25.3025422686,11.5590645436,20.5569940173,6.0108117426,25.7342291727,130.3245285861,36.6931534233,12.1980876902
"SRV00317","1644-10","SRVp009","sample",372.791102811,1224.4525995757,219.0686805107,44.3176692037,144.0133585073,9.4456650086,4.6344436225,4.1093830038,0.4779286518,1.6507996881,0.4038823586,81.7986319285,409.7885209322,55.4717271279,NA
"SRV00332","1647-10","SRVp009","sample",295.0339356734,2424.8519936007,256.1412157441,6.509942176,61.1471284131,5.266657062,633.0749160153,1862.0112185824,31.9811398455,46.8308637463,8.5297659315,505.7273503108,634.3231879684,67.0774469096,177.5829360362
"SRV00239","1612-23","SRVp009","sample",26.9254774611,819.6827776322,151.4042633941,18.8013734285,95.0608638278,11.6789556866,226.2650145778,408.6991041125,12.8503570133,46.692898063,6.042646625,19.9012111239,244.0384078867,28.4449434951,84.0974160324
"SRV00248","1622-18","SRVp009","sample",86.1812480019,714.6466473714,107.0291798718,5.3135979073,43.2156884342,2.1640492734,55.996754816,113.9795756631,5.8482071195,8.9448150722,0.5466622138,139.1869558369,214.2037007428,29.3681591548,18.7862077915
"SRV00260","1624-26","SRVp009","sample",261.3489627707,1346.5677024048,129.0029956499,46.5406022064,123.7661517692,3.4919440945,305.7521604676,372.3579582519,7.8154934718,14.4656310468,2.3755696846,335.131024625,426.7549986645,35.1569065831,39.717808651
"SRV00254","1623-23","SRVp009","sample",555.240446329,990.490718497,51.5794602478,87.7192194382,111.4902548735,1.5334105446,134.6601328503,101.1520348814,5.7450645442,5.6244788885,0.8977371971,1800.0751928509,363.7814941697,18.4109465636,5.8333317169
"QC04#1",NA,"SRVp009","qc",36.7257092196,22.9955157033,39.9280270171,20.9822863629,21.5856155157,46.0414526804,21.1200624575,21.3876803796,27.9504088179,23.2602489357,38.3578228054,11.7756598952,25.6456842542,38.7821023955,38.2772379668
"SRV00327","1646-10","SRVp009","sample",210.8264806786,1236.4946604959,84.6806846836,22.3559380445,168.6003254377,4.5049740982,284.8792493761,491.8257263127,5.0313836668,9.4737279179,2.264191548,305.7370500328,527.9827545309,36.0675062013,36.7479055232
"SRV00305","1641-26","SRVp009","sample",531.7894030277,690.4793665245,81.6248505509,54.7189860919,73.5640644588,5.7737530627,423.424519423,241.767436432,10.199962459,4.9345734476,1.9809631156,420.9257778417,212.1405040884,27.3130338813,31.4521182713
"SLTR#5",NA,"SRVp009","sltr",432.3831538406,1714.2081413956,277.9847713015,63.6169919372,198.1822186634,9.091288069,314.5962825201,539.506632598,8.3369151104,22.7975203635,3.6718974736,153.8593827329,411.7919849536,91.0553071188,91.5939116071
"SRV00217","1608-10","SRVp009","sample",682.6567843545,766.7910718214,105.9865321745,24.0185284383,28.6692588255,2.9748800874,988.6890679097,916.4220296444,9.119585271,26.5441416138,3.4768708647,1163.0441432283,192.5324720826,28.1339088165,135.2841613601
"SRV00202","1605-10","SRVp009","sample",1216.5304734404,718.7457604807,59.4825934493,71.1807347629,48.4107938936,2.3458614498,135.3753369456,34.7247545613,4.024869522,4.4274553269,0.8967874887,2645.9365369636,224.3624278937,19.4604981996,4.5818621213
"SRV00214","1607-23","SRVp009","sample",122.9827428244,2093.6335142791,333.4175152269,15.7984947687,195.1803516795,10.4123372492,191.6335814319,656.3129965847,6.9117766449,22.35925904,9.1418102135,97.6281733166,637.8082532231,102.3770417168,119.997570978
"SRV00235","1611-26","SRVp009","sample",107.0961592154,743.7243378078,88.5658684785,22.6389219087,111.8410690661,7.5977669266,137.1083668028,233.3244841831,5.6069368,6.289311474,2.018854824,36.1628263371,256.8698549602,54.0255945477,45.5018489489
"SRV00295","1635-26","SRVp009","sample",677.6047353526,5937.3238137801,1095.0680793667,527.773563055,1878.6130197693,149.7643525163,254.2570308602,754.8187888379,3.7200793366,3.2149786085,2.3262085235,194.8098641234,792.6670204446,144.4053201529,183.2112446679
"SRV00218","1608-18","SRVp009","sample",27.5332197613,752.6263007631,153.5084901198,NA,14.9630062476,1.8815777896,232.9752997853,729.0184896289,7.9276862552,20.9948828487,7.8716038959,47.6299367184,262.6699377796,49.6422840558,204.8499993943
"SRV00205","1605-26","SRVp009","sample",29.3701753968,980.6909038798,96.452983429,NA,83.3337047306,3.4654407032,5.7139069766,31.6145555978,4.0565794533,3.6938623553,1.14167172,49.2447950497,354.7021424774,39.9625110076,2.7235833054
"LTR#6",NA,"SRVp009","ltr",473.1242986632,1773.163349962,268.0934429553,65.635450891,196.9414311506,8.3412578842,309.083247141,544.8994634572,5.5336889964,22.1979836221,3.1313118279,147.3781975285,363.2046390692,85.0224189072,102.4864196575
"SRV00319","1644-23","SRVp009","sample",312.03040315,1163.5496268018,311.0455363471,74.4020176912,186.5002700336,14.2631401211,2.3339483106,2.1678311571,NA,1.1046517296,1.4226653464,113.0194994707,454.6692761039,83.2651804362,NA
"SRV00334","1647-23","SRVp009","sample",299.9201534678,1593.6819282695,185.7173976209,5.4612469736,35.1518831734,2.8292534936,242.1711365154,860.5694719916,26.5038907662,69.2818845889,3.1679419804,196.8852991963,723.1520660721,57.1058110437,99.5202753069
"SRV00240","1612-26","SRVp009","sample",305.1603371263,2265.8072720604,295.3251474738,38.4469144729,263.6001339724,17.273828614,488.3238901199,1133.18077539,10.4470693503,18.2632154151,6.455997429,36.1913515241,617.3831985954,75.667482387,191.4208912755
"SRV00345","1650-26","SRVp009","sample",108.5606257661,1933.0064056577,146.9456245435,27.0958827275,287.9910108387,5.9557046355,106.553329389,544.098081477,2.0395060366,5.450437983,2.6607419684,106.5835302605,341.2374084206,32.2503564171,53.2610712879
"SRV00322","1645-10","SRVp009","sample",16.4474192576,563.7763914026,200.2451473333,2.8106753422,40.0069482618,8.3541577526,13.6700952896,52.82741221,12.687764199,5.7470136159,4.4955435216,19.5927183683,188.0329264145,39.7090828286,16.6229642077
"SRV00320","1644-26","SRVp009","sample",503.2345542788,4059.7699663679,654.4024075856,125.9526498502,634.9268154672,36.409484099,1.779641635,3.1283477982,NA,1.7195951884,NA,384.2397772343,1174.2298716805,192.0798823963,NA
"SRV00326","1646-2","SRVp009","sample",542.3801325369,1590.0732341193,115.0506983124,97.5725534433,201.2592460117,3.6775230487,682.8507087528,651.3954362221,6.4012496958,8.6012619171,1.5550195792,907.459702464,577.1093631871,40.9834522749,47.3354590509
"SRV00302","1641-10","SRVp009","sample",351.1422522799,633.6584521439,89.344800787,37.3153562497,82.4921613359,4.3366743138,533.6982772328,351.163350336,17.2247865313,18.2885279845,3.0571701802,105.8537098548,124.6893886792,23.8027038314,40.3715198279
"SRV00250","1622-26","SRVp009","sample",247.8976968406,1816.7925151795,296.4324505918,18.6010451447,106.1251347874,6.7689209119,85.748582679,204.927753885,7.0743434512,4.5057218273,0.8739145759,482.1381059622,780.038662465,124.2567872276,45.6791808631
"SRV00258","1624-18","SRVp009","sample",712.1807008392,717.5433567004,74.9079305663,54.9807162718,74.0128001996,4.8070968523,358.4630185487,199.7414903799,7.4191207979,5.6994055543,2.9587264103,860.2144055618,186.5056070233,20.1923379121,23.7022981525
"QC02#1",NA,"SRVp009","qc",342.8080014786,193.5839177441,463.2897802994,244.3141163501,259.0997426321,487.2543107173,226.2374002892,225.0806502872,276.3332822711,214.4966554891,409.2624756384,111.5028645739,245.7334001767,387.5149533073,383.7924010766
"SRV00253","1623-18","SRVp009","sample",1217.5330331676,1543.8924563397,71.9241519192,140.2629879467,194.9745204598,3.6836871558,235.2794783716,122.8807436513,NA,4.9405542828,0.381654268,5574.5644366086,377.5634120143,18.9642960806,5.2737959343
"SRV00329","1646-23","SRVp009","sample",77.0751702281,895.2000354278,75.9670650063,14.0141185602,89.773500063,3.0358006332,244.973045655,394.3405928082,3.3007295747,14.1589000565,2.3692142008,115.1361205917,452.1217693679,32.2974148959,33.7556457084
"SRV00301","1641-2","SRVp009","sample",478.8106462735,189.1963579669,41.0873351174,84.555471321,43.4619188256,4.7511060777,597.2961927225,108.2106262368,12.0563971219,5.1930398117,1.7916621476,215.9829584874,111.3298398289,33.5027935098,16.7397536109
"SRV00292","1635-10","SRVp009","sample",740.3291208179,2347.1061248769,313.6637402423,565.2031087463,1664.3861191358,73.4275529984,290.8179144765,429.5497377542,5.916260599,0.8739638289,1.730621424,33.6630359451,254.6267341094,41.7184782718,69.3451702812
"SRV00220","1608-26","SRVp009","sample",18.426674697,230.1108209927,42.986546058,NA,4.1925331417,0.7146853089,199.0403230912,183.8427696325,5.5243007239,5.6394718388,3.1427606341,54.0412417536,81.9735324801,12.7960910645,46.4949444876
"SRV00203","1605-18","SRVp009","sample",2239.0329251793,1462.3391963484,183.6264526947,55.5644670212,85.8402625778,4.0837529414,69.3916165357,62.5231833104,3.102001042,2.9176748557,3.2761465753,1313.2897124796,345.6818059709,43.5306829887,8.6365348201
"SRV00213","1607-18","SRVp009","sample",69.5470389156,1194.90016784,94.5839398823,9.5123897115,170.045118222,5.1820487933,122.3333433073,306.7302064052,5.9968851986,11.2976531668,3.1698805395,47.0333399787,279.5742393354,33.1301118092,36.3569485697
"SRV00231","1611-2","SRVp009","sample",359.688743434,1034.3794872561,98.6964285731,40.9118892429,160.3362326715,8.7659641956,589.969685467,636.9064644118,13.8505050065,10.0145983737,4.8356013192,33.4574861358,316.9444979591,30.9993681214,69.49317984
"SLTR#6",NA,"SRVp009","sltr",438.7395873853,1683.7447214254,293.0787518736,72.2211456929,193.3574211922,10.3047509232,327.3473911661,519.5183104366,9.9886364571,24.0502993395,3.8710384025,150.3508368778,417.1246459033,87.8179666017,96.9170209765
"SRV00343","1650-18","SRVp009","sample",1884.2689369032,1005.7135050365,71.1361380917,134.814103707,121.4541537059,2.1526567257,735.5233321759,215.6791010216,1.8749727529,8.3483179157,2.7931657579,1309.2741093787,127.9879765767,17.0026775171,22.2503811524
"LTR#7",NA,"SRVp009","ltr",449.294656252,1702.868892704,264.0450117914,57.1998269985,198.3168261146,9.7869458786,312.0297552138,521.5551067132,4.7137587079,22.1975069905,3.2003979028,142.9752800818,380.5348180756,87.1442834652,104.9235797122
"SRV00325","1645-26","SRVp009","sample",34.775921149,488.6374508921,182.2967167055,2.7985126493,25.9143125832,4.743432463,12.118349051,24.0304373183,5.9226117957,4.0552533637,2.0251584907,29.0741572341,106.2890992119,33.755619566,8.6447274731
"SLTR#7",NA,"SRVp009","sltr",475.3265439549,1623.5823857153,277.5720616541,69.2218027811,195.7910512784,8.595427042,316.2225205915,536.974359132,6.531975727,21.7234578926,3.6846532004,162.3364301845,413.6294894101,92.7471950773,88.4263307597
"SRV00333","1647-18","SRVp009","sample",829.3707488349,1384.6821797533,112.2093795977,12.9833577764,36.0131369223,1.477561274,647.050936821,716.7649141102,18.3856789957,36.1929636613,4.1493393561,1365.6099831579,543.1387822884,35.8534642219,64.430674258
"SRV00236","1612-2","SRVp009","sample",155.1181489514,836.8972119772,126.2188777235,43.2036726363,153.3057367611,13.8563958152,488.6208579212,519.7909936985,10.1516654124,6.7326357714,3.694923151,18.6537626391,203.8774353768,26.4807496819,91.7250887091
"SRV00341","1650-2","SRVp009","sample",189.0823290691,673.1375778856,30.4039372135,41.6278834482,117.0633220793,1.3174741878,270.3670310589,188.923503828,7.9073716108,4.5326486381,1.5594140776,245.52351114,97.7674585378,5.2419560759,9.6767547029
"SRV00323","1645-18","SRVp009","sample",81.0655149989,262.3353095047,86.9962650497,11.628014417,20.1936167846,4.7964002888,27.3965047884,19.8617557217,9.0229665594,3.6421794245,0.1675612381,77.8334081403,64.9727771582,19.7159450416,8.1116247758
"SRV00255","1623-26","SRVp009","sample",NA,NA,NA,NA,NA,NA,NA,NA,NA,NA,NA,NA,NA,NA,NA
"SRV00328","1646-18","SRVp009","sample",83.9018688269,937.2201256811,63.468290274,16.2065566803,129.9600686465,2.8235024572,241.0505985217,436.7454442774,1.3481124299,8.0186224967,2.9191260705,158.9036880055,466.818508265,23.60246497,27.2146309049
"SRV00303","1641-18","SRVp009","sample",469.3233187489,816.2680646262,97.2494660517,31.8386677289,78.82796372,6.4359886165,356.566506353,281.6965921511,10.9195353371,10.0575612834,1.2451879395,361.3466978165,143.5430370592,22.0128407771,39.9118573918
"SRV00246","1622-2","SRVp009","sample",44.383627007,807.2657245178,111.6543164459,16.7433267295,140.3426674089,4.9611434927,181.1844120539,287.6694141504,16.9338105916,9.4314416102,2.7624301052,26.2870498743,187.8666996261,29.0922196154,36.3653657156
"QC03#1",NA,"SRVp009","qc",33.448976344,20.9422260605,42.2623489957,22.6288203948,23.4588224411,46.6898919925,24.2079972969,20.8523529085,28.4440841903,21.3604166325,38.2961577054,13.737384851,26.2413218646,38.5593483403,41.3860470509
"SRV00256","1624-2","SRVp009","sample",89.2818884643,880.1794921843,116.806544523,11.3326085032,127.2183308826,7.224013224,169.6528224098,339.5895619989,6.6606273017,8.066950658,2.5726903253,95.0668183183,249.7332867297,25.9161040411,43.881939685
"SRV00252","1623-10","SRVp009","sample",131.8732719804,544.3032445236,24.605448067,32.2558936766,123.9846936698,2.5570713085,101.9919113441,76.6338875518,9.4587048366,6.8184235503,0.9482549496,471.981616227,171.3391673022,7.6304010021,4.3166565902
"SRV00212","1607-10","SRVp009","sample",8450.3278987989,1773.3126473919,511.4918062769,482.2966128882,161.1290331709,21.2319788547,3706.2001795682,554.1753668407,13.2639959128,51.6991832998,5.8348620174,6545.3876130231,249.8661760111,103.8811611438,150.580986706
"SRV00234","1611-23","SRVp009","sample",67.4369897194,941.571601179,123.6078776001,16.4296485641,124.0191839387,12.5836159007,184.1857600238,371.5168316533,17.0872534161,18.9243322102,4.4769172755,31.5159334062,284.7729282329,36.0774678612,71.4466672175
"SRV00293","1635-18","SRVp009","sample",252.3440635827,2066.7994369422,284.7857911713,239.5318496485,1541.8873644717,69.4837759836,144.6251220913,350.3624739156,5.0554051396,0.6366116788,0.0761839657,75.6236544934,447.3729726179,73.8085178895,63.7144065593
"SRV00216","1608-2","SRVp009","sample",65.7185952709,106.4758226305,9.6433202402,NA,8.3728536169,0.6950016596,274.183020953,136.0849998234,9.9129801626,7.9236137389,1.6465715325,128.8442098278,35.3946254576,5.5638791935,18.1829753507
"SRV00201","1605-2","SRVp009","sample",69.2724295502,269.6710859963,15.0353788349,8.6972733987,31.0463316505,1.6537637673,31.0542287196,24.0194252078,3.6824460069,4.2252039766,1.34253087,79.2532059098,133.8240620271,12.0022132477,2.1953060144
"SRV00211","1607-2","SRVp009","sample",137.8514739693,1950.6311665496,591.7277887316,28.9367738744,209.7125011056,17.1307996187,231.5618586101,567.3668666991,7.2162173341,37.2673277783,6.52629806,158.3349067903,449.3208147617,118.6831517764,173.7280131294
"SRV00233","1611-18","SRVp009","sample",79.1750715022,1240.6141803508,130.4118319232,15.7651563228,203.9510605286,11.6422968466,199.6511925747,429.6984104763,16.6775155873,12.952050922,3.2786230604,16.8542560395,306.1347305583,34.0043466661,63.7973211002
"SRV00291","1635-2","SRVp009","sample",1822.1803569062,2704.2510652973,525.2614549068,847.5884861087,1327.2958507079,103.8401701806,512.3091886314,426.8669200698,6.8414417699,NA,1.0853446097,437.6683684757,288.7134213271,58.3315077199,98.0375139337
"LTR#8",NA,"SRVp009","ltr",432.6258888789,1756.4843129675,286.4563852153,59.452459591,189.487170861,8.9562942041,314.613083413,530.8919961633,5.4307141851,21.1689859918,2.7662527397,153.026522694,435.5756278282,83.6476296696,85.6176053568
"SRV00342","1650-10","SRVp009","sample",781.2273893922,1092.5838942947,59.6284666582,69.5992147003,164.1942563193,5.0625871521,446.7468737321,282.2142606866,2.2617784465,6.9810146696,2.9494914404,831.6704680554,162.9832538166,13.7100283493,20.4993938653
"SRV00321","1645-2","SRVp009","sample",213.2898924242,812.5591731124,260.9957807672,21.1167852656,44.005239998,5.2199486631,65.1774291342,45.1855216898,8.0771399098,6.8150342144,1.7860714874,306.7349655241,220.2970406381,58.0247754467,17.0300377348
"SRV00318","1644-18","SRVp009","sample",489.0726463593,1454.5615196927,308.7948079402,111.7711666275,277.1503529442,18.1784779535,NA,NA,NA,NA,1.2806501971,572.4588655518,337.2646177755,53.6040572343,0.1921492925
"SRV00335","1647-26","SRVp009","sample",82.4453557497,1446.2432544862,105.6250619355,NA,26.6540168655,1.9912793728,90.6988888618,498.474824563,20.6246012346,19.5476119156,5.2174750888,64.4759377419,737.4802612244,51.9933883554,50.4378247216
"SRV00238","1612-18","SRVp009","sample",25.3592482267,383.6239288432,42.1687669373,14.841424858,62.721277552,9.1568691911,254.7312517207,186.6361982825,10.4232233448,18.6161990686,1.8916788901,9.3199380572,109.7667377441,14.262428628,20.3493300769
"SRV00249","1622-23","SRVp009","sample",36.4184098787,1015.0461370178,154.1056555243,NA,45.0899442577,1.7789718995,27.9484384571,145.3198206599,6.1292896173,11.0655223889,2.39828437,54.3010562414,274.0672746458,41.3844283764,26.1532512191
"SRV00257","1624-10","SRVp009","sample",46.0251182973,448.2177225516,47.895146761,6.3084049928,67.3971776017,4.88259013,98.8097403018,152.4204315944,8.0431725256,5.1614974465,0.4794585987,48.0757486217,171.4695212936,12.5158295879,18.609206544
"SLTR#8",NA,"SRVp009","sltr",470.8798189369,1750.2598919858,274.4717400403,64.9400569679,178.1103357095,12.3981298603,326.4464090305,504.4715839934,9.6216053401,20.7961434282,3.2235622397,152.6253976828,426.2527469051,99.2098532001,95.731516108
"SRV00330","1646-26","SRVp009","sample",171.4771128725,1325.7278075764,102.8575702158,18.7011271432,106.7707597224,3.4923303865,323.0091752397,503.638981221,2.2451566287,4.0805749258,0.7777485858,479.509091837,538.7338738111,44.1541571061,49.8703665401
"SRV00304","1641-23","SRVp009","sample",227.9690772967,830.7495798573,137.098435409,36.4675256289,46.967939623,5.4198992422,315.8215681547,358.6130557877,13.023461354,12.6482918656,2.5242089914,183.8288809693,196.3835730656,36.0002175654,66.9237003164
"QC01#1",NA,"SRVp009","qc",338.4819207248,193.4403909251,431.9359340803,237.4553520137,246.1744970152,494.4517135482,232.3029814322,215.4516941785,275.7115984598,225.101195047,409.8371421932,122.2910690439,252.0854589695,408.642662244,403.5639099931
"SRV00247","1622-10","SRVp009","sample",151.5005984492,611.6348760866,215.7307806123,22.7490238494,89.221518474,7.0878283703,147.2623398402,215.7701386383,15.6412073246,19.2199894894,1.7014197205,282.5078885389,308.251330006,50.5198690867,50.053958167
"SRV00259","1624-23","SRVp009","sample",204.4263943956,648.6741174211,99.2229150896,46.7329984963,48.298634366,4.0970220133,288.9662779201,188.2580556789,6.9164970148,8.2908208579,2.0383547596,112.2604538008,221.1366202225,23.3444732995,33.533996989
"SRV00251","1623-2","SRVp009","sample",168.6867545843,1036.0846938317,32.2152035486,42.0484559158,317.5621471812,3.1243809077,149.6372711039,261.6081261808,11.6888845538,26.7750125633,2.4288674924,245.3360175066,192.1124572404,6.8201701612,14.0922868745
"SRV00215","1607-26","SRVp009","sample",68.9404617832,2583.1384468716,234.2199957386,8.2725795661,305.3015458393,13.8262572989,128.1631884149,702.1503526997,4.510938144,15.319486648,5.1665478907,108.6781086672,707.1622962387,73.3468603058,90.3584967241
"SRV00232","1611-10","SRVp009","sample",37.7292627436,822.6622506592,59.4999266529,15.9102816302,141.6189003144,7.2266059456,198.3958939981,459.0908845268,13.9398210802,9.8942224276,1.2605545392,13.7241453736,238.6678765301,21.6571877318,50.4385038809
"SRV00294","1635-23","SRVp009","sample",257.8236893001,6789.318892455,1496.8233014093,277.8896366577,3254.6457161021,263.4335374801,175.6967527474,1181.1741105604,10.8753483059,6.8984958589,5.1409661819,50.0044106198,1391.9489008302,287.0246324992,313.9247970405
"SRV00219","1608-23","SRVp009","sample",91.3933225448,784.2757759729,122.2009782387,NA,19.3557712777,2.6027981444,321.6776282907,786.0445915703,11.6199579455,16.5779669308,5.4005738745,159.2716519859,269.0870145081,39.4942332366,164.7710312264
"SRV00204","1605-23","SRVp009","sample",597.0220181074,1187.0329447176,179.7092538478,31.1394934297,63.1743459974,5.0673831951,40.8429979143,32.7850935679,6.8696793088,12.6689736423,1.962065875,1269.0899964314,342.0857091988,41.6483994909,5.5831394808
"SRV00316","1644-2","SRVp009","sample",218.9786897491,1516.1351003141,248.3941787209,68.8026725132,164.6309229066,12.0830940639,NA,NA,NA,1.5233964999,NA,110.0393368485,525.5338907124,61.7801444329,NA
"LTR#9",NA,"SRVp010","ltr",461.3745194579,1674.979873889,292.3526736367,66.6088294903,180.6593202718,9.8980882099,318.8360024699,506.9937917777,3.7079437924,21.845017042,4.1253317866,156.0718396486,390.9111554963,94.2276786259,96.9483289095
"SRV00354","1655-23","SRVp010","sample",21.7022555382,545.1419842235,669.2920610423,2.6051120245,11.6761784218,5.4007838455,8.7953778393,40.4874560938,4.1263104672,2.2784503331,1.7298379692,21.950279595,146.7714530023,163.5012152525,67.2187701508
"SRV00358","1656-18","SRVp010","sample",758.5289489052,349.6699105229,36.4254222978,34.7867709699,26.7173690346,0.0198495222,NA,NA,1.4047012906,0.1835920174,0.5351000031,308.1344170076,90.8077697313,7.0229717361,NA
"SRV00359","1656-23","SRVp010","sample",573.0036101651,1358.6121471442,139.5130653129,26.2602966311,75.8941464345,3.5241138397,NA,NA,NA,0.4126596248,NA,148.554119128,361.1308076214,25.3329465874,NA
"SRV00357","1656-10","SRVp010","sample",1174.5560112177,572.7615596071,41.6305840063,37.1645922649,52.9381735216,NA,NA,NA,NA,0.5026783611,0.0047934934,400.6690166026,101.1864339987,8.0337211789,NA
"SRV00352","1655-10","SRVp010","sample",13.5179745051,80.7805317061,78.6894708598,NA,5.3583321835,1.9747165251,17.5437236715,17.2252938992,2.8260965899,0.4060082643,2.6819805333,12.9973540971,34.0441046807,21.0138975577,11.8212040624
"SRV00356","1656-2","SRVp010","sample",2543.6266368975,473.2764617359,51.8210474419,92.2807729115,31.0710530083,1.4164128121,NA,NA,1.0672541479,0.325753554,NA,1150.0990724975,103.0143756239,10.5875258785,NA
"SRV00353","1655-18","SRVp010","sample",145.0914231752,148.0924889455,124.0625963086,2.0497878333,6.7231380653,2.0980749788,21.3476123065,4.3062571304,4.1329914084,1.8348693572,1.7800491356,250.4680421828,48.2529826754,48.0236869443,12.1765812096
"SRV00351","1655-2","SRVp010","sample",31.0072882322,220.7089649752,176.6625938838,NA,11.106733856,3.8183871273,21.2590470203,25.203809641,5.0260107167,0.6725171823,1.4559422548,21.0303154305,79.109412264,53.5711661904,34.4345265444
"SRV00355","1655-26","SRVp010","sample",114.3170650895,605.7591455022,875.685467331,1.6060764482,23.7155314814,10.1630779999,10.6441040467,42.7319695332,2.1873840343,1.1453143662,1.6987969512,134.1958803206,253.7487415054,334.1555955996,92.3109709295
"QC03#41",NA,"SRVp010","qc",34.8780119793,18.6594883355,44.1429186575,21.4974380696,23.5720297203,45.605999412,21.4868786617,23.8523262723,27.5517601391,21.1398540096,40.7086771004,13.48250844,23.5104806082,39.3205153162,34.7670683481
"QC01#47",NA,"SRVp010","qc",349.498808962,190.5275022306,458.6133657944,227.6987087904,253.832529949,475.9066965805,230.506650223,211.8587702225,276.8334599286,215.5874856109,405.6021641541,115.7859261514,243.1250492966,401.1754883662,402.885473648
"LTR#10",NA,"SRVp010","ltr",456.6490494797,1664.5447475484,275.724953008,56.4479329947,190.8533596997,8.3807049071,308.0371357056,550.4134282273,4.451373679,21.9414479986,4.4364900638,134.9892593813,406.5578096289,86.1564482575,97.1231882909
